,phrase,label,sentiment,subjectivity,language,count,gnd,geonames,geotype,latitude,longitude,continent,country,ipcc
Dauerregen,Dauerregen,LOC,-0.01462905,0.00000000,de,95.70000000,,0,,,,,,
Wochenanfang,Wochenanfang,LOC,-0.01590909,0.00000000,de,88.00000000,,0,,,,,,
Vietnam,Vietnam,LOC,-0.14402810,0.22248244,de,42.70000000,4063514-4,1562822,A,16.16667000,107.83333000,ASIA,Vietnam,SEA
Mexiko,Mexiko,LOC,-0.06655844,0.27597403,de,30.80000000,4039058-5,3996063,A,23.00000000,-102.00000000,CENTRAL-AMERICA,Mexico,NCA
Kalifornien,Kalifornien,LOC,-0.15200000,0.02000000,de,25.00000000,4029307-5,11071615,L,34.68743000,-116.78467000,NORTH-AMERICA,United States,WNA
Indonesien,Indonesien,LOC,-0.02542373,0.25423729,de,23.60000000,4026761-1,1643084,A,-5.00000000,120.00000000,ASIA,Indonesia,SEA
Starkregen,Starkregen,LOC,-0.15151515,0.00000000,de,19.80000000,,0,,,,,,
Deutschland,Deutschland,LOC,0.00641026,0.15384615,de,19.50000000,4011882-4,2921044,A,51.50000000,10.50000000,EUROPE,Germany,WCE
Washington,Washington,LOC,-0.18085106,0.00000000,de,18.80000000,4064682-8,4140963,P,38.89511000,-77.03637000,NORTH-AMERICA,United States,ENA
Berlin,Berlin,LOC,-0.03296703,0.02747253,de,18.20000000,4005728-8,2950159,P,52.52437000,13.41053000,EUROPE,Germany,WCE
Brandenburg,Brandenburg,LOC,-0.12835249,0.00000000,de,17.40000000,4007955-7,2945356,A,52.45905000,13.01582000,EUROPE,Germany,WCE
Glatteis,Glatteis,LOC,-0.36562500,0.12500000,de,16.00000000,,0,,,,,,
Los Angeles,Los Angeles,LOC,-0.06756757,0.00000000,de,14.80000000,4036361-2,5368361,P,34.05223000,-118.24368000,NORTH-AMERICA,United States,WNA
USA,USA,LOC,-0.38095238,0.03401361,de,14.70000000,4078704-7,6255150,L,-14.60485000,-57.65625000,SOUTH-AMERICA,Brazil,SAM
Sri Lanka,Sri Lanka,LOC,-0.19424460,0.14388489,de,13.90000000,4009696-8,1227603,A,7.75000000,80.75000000,INDIAN,Sri Lanka,BOB
Deutschlands,Deutschlands,LOC,-0.51229508,0.08196721,de,12.20000000,,0,,,,,,
Notstand,Notstand,LOC,-0.08620690,0.00000000,de,11.60000000,,0,,,,,,
Teneriffa,Teneriffa,LOC,0.10964912,0.00000000,de,11.40000000,4277900-5,2511174,P,28.46824000,-16.25462000,AFRICA,Spain,SAH
Südkalifornien,Südkalifornien,LOC,-0.16666667,0.00000000,de,11.30000000,4096903-4,5404905,S,34.02180000,-118.28664000,NORTH-AMERICA,United States,WNA
Italien,Italien,LOC,-0.34375000,0.00000000,de,11.20000000,4027833-5,3175395,A,42.83333000,12.83333000,EUROPE-AFRICA,Italy,MED
Thailand,Thailand,LOC,-0.08928571,0.17857143,de,11.20000000,4078228-1,1605651,A,15.50000000,101.00000000,ASIA,Thailand,SEA
Sumatra,Sumatra,LOC,0.13592233,0.48543689,de,10.30000000,4058586-4,1626198,T,0.00000000,102.00000000,ASIA,Indonesia,SEA
Kaliforniens,Kaliforniens,LOC,-0.33980583,0.00000000,de,10.30000000,,0,,,,,,
Philippinen,Philippinen,LOC,0.06796117,0.00000000,de,10.30000000,4045771-0,1694008,A,13.40882000,122.56155000,ASIA,Philippines,SEA
Ibiza,Ibiza,LOC,-0.27227723,0.09900990,de,10.10000000,4026432-4,6299339,S,38.87286000,1.37312000,EUROPE-AFRICA,Spain,MED
US-Bundesstaat Kalifornien,US-Bundesstaat Kalifornien,LOC,-0.23569024,0.00000000,de,9.90000000,,0,,,,,,
MV,MV,LOC,-0.10989011,0.00000000,de,9.10000000,4003217-6,6255147,L,29.84064000,89.29688000,ASIA,China,TIB
Außenwelt,Außenwelt,LOC,-0.03846154,0.49450549,de,9.10000000,,0,,,,,,
…,…,LOC,0.04980843,0.15325670,de,8.70000000,,0,,,,,,
Hamburg,Hamburg,LOC,-0.08235294,0.00000000,de,8.50000000,4239189-1,2911298,P,53.55073000,9.99302000,EUROPE,Germany,NEU
Landstriche,Landstriche,LOC,0.08536585,0.97560976,de,8.20000000,,0,,,,,,
Mallorca,Mallorca,LOC,-0.09868421,0.13157895,de,7.60000000,4115833-7,2512989,P,39.56939000,2.65024000,EUROPE-AFRICA,Spain,MED
Südostasien,Südostasien,LOC,-0.04000000,0.00000000,de,7.50000000,4058448-3,7729896,L,6.83917000,116.45508000,ASIA,,SEA
Tunesien,Tunesien,LOC,0.22072072,0.00000000,de,7.40000000,4061206-5,2464461,A,34.00000000,9.00000000,EUROPE-AFRICA,Tunisia,MED
Niedersachsen,Niedersachsen,LOC,-0.38028169,0.00000000,de,7.10000000,4042226-4,2862926,A,52.83333000,9.16667000,EUROPE,Germany,WCE
Gazastreifen,Gazastreifen,LOC,-0.21739130,0.36231884,de,6.90000000,4019325-1,281133,P,31.50161000,34.46672000,EUROPE-AFRICA,Palestinian Territory,MED
NRW,NRW,LOC,-0.54726368,0.00000000,de,6.70000000,4031483-2,2886242,P,50.93333000,6.95000000,EUROPE,Germany,WCE
US-Bundesstaat,US-Bundesstaat,LOC,-0.26984127,0.00000000,de,6.30000000,4042011-5,5128581,P,40.71427000,-74.00597000,NORTH-AMERICA,United States,ENA
Sturmböen,Sturmböen,LOC,-0.47983871,0.00000000,de,6.20000000,,0,,,,,,
Landes,Landes,LOC,-0.05645161,0.40322581,de,6.20000000,,3007868,L,44.25000000,-1.00000000,EUROPE-AFRICA,France,MED
Rheinland-Pfalz,Rheinland-Pfalz,LOC,-0.34444444,0.00000000,de,6.00000000,4049795-1,2847618,A,49.66667000,7.50000000,EUROPE,Germany,WCE
Südfrankreich,Südfrankreich,LOC,-0.40000000,0.00000000,de,6.00000000,,0,,,,,,
Mecklenburg-Vorpommern,Mecklenburg-Vorpommern,LOC,0.12727273,0.00000000,de,5.50000000,4242861-0,2872567,A,53.83333000,12.50000000,EUROPE,Germany,WCE
Portugal,Portugal,LOC,-0.25925926,0.00000000,de,5.40000000,4046843-4,2264397,A,39.69450000,-8.13057000,EUROPE-AFRICA,Portugal,MED
Nordrhein-Westfalen,Nordrhein-Westfalen,LOC,-0.09433962,0.00000000,de,5.30000000,4031483-2,2886242,P,50.93333000,6.95000000,EUROPE,Germany,WCE
Asiens,Asiens,LOC,-0.26415094,0.18867925,de,5.30000000,,0,,,,,,
Orkanböen,Orkanböen,LOC,-0.64150943,0.00000000,de,5.30000000,,0,,,,,,
Bayern,Bayern,LOC,-0.29716981,0.00000000,de,5.30000000,4005044-0,2951839,A,49.00000000,11.50000000,EUROPE,Germany,WCE
Saarland,Saarland,LOC,-0.33333333,0.00000000,de,5.20000000,4076919-7,2842635,A,49.40472000,6.96083000,EUROPE,Germany,WCE
Marokko,Marokko,LOC,0.00000000,0.00000000,de,5.20000000,4037680-1,2542007,A,28.50000000,-10.00000000,AFRICA,Morocco,SAH
Safi,Safi,LOC,0.00000000,0.00000000,de,5.20000000,4482785-4,2537881,P,32.29939000,-9.23718000,EUROPE-AFRICA,Morocco,MED
Andalusien,Andalusien,LOC,-0.13725490,0.00000000,de,5.10000000,4054671-8,2510911,P,37.38283000,-5.97317000,EUROPE-AFRICA,Spain,MED
Zentrum,Zentrum,LOC,0.07000000,0.90000000,de,5.00000000,,6291660,P,47.43076000,8.46898000,EUROPE,Switzerland,WCE
Zentraljava,Zentraljava,LOC,0.28000000,0.00000000,de,5.00000000,,0,,,,,,
Malaysia,Malaysia,LOC,-0.23469388,0.20408163,de,4.90000000,4037203-0,1733045,A,2.50000000,112.50000000,ASIA,Malaysia,SEA
Italiens,Italiens,LOC,-0.20833333,0.00000000,de,4.80000000,,6116880,H,46.36199000,-74.81286000,NORTH-AMERICA,Canada,ENA
Unwettergefahr,Unwettergefahr,LOC,-0.85106383,0.00000000,de,4.70000000,,0,,,,,,
Baden-Württemberg,Baden-Württemberg,LOC,-0.30434783,0.43478261,de,4.60000000,4004176-1,2953481,A,48.50000000,9.00000000,EUROPE,Germany,WCE
Alpen,Alpen,LOC,0.50724638,0.14492754,de,4.60000000,4001328-5,682673,T,45.50000000,24.25000000,EUROPE,Romania,WCE
Kanadas,Kanadas,LOC,-0.26086957,0.10869565,de,4.60000000,4029456-0,6251999,A,60.10867000,-113.64258000,NORTH-AMERICA,Canada,NWN
Griechenlands,Griechenlands,LOC,-0.43478261,0.00000000,de,4.60000000,,0,,,,,,
Sachsen,Sachsen,LOC,0.15217391,0.00000000,de,4.60000000,4051181-9,2842565,A,52.00000000,11.73330000,EUROPE,Germany,WCE
Korsika,Korsika,LOC,0.00000000,0.00000000,de,4.60000000,4212951-5,3038334,P,41.91886000,8.73812000,EUROPE-AFRICA,France,MED
Halle,Halle,LOC,-0.15217391,0.00000000,de,4.60000000,4023027-2,2911522,P,51.48158000,11.97947000,EUROPE,Germany,WCE
Saale,Saale,LOC,0.00000000,0.00000000,de,4.60000000,4051087-6,2842688,P,50.64826000,11.36536000,EUROPE,Germany,WCE
München,München,LOC,0.12820513,0.00000000,de,3.90000000,4245720-8,2867714,P,48.13743000,11.57549000,EUROPE,Germany,WCE
sintflutartiger,sintflutartiger,LOC,-0.37837838,0.27027027,de,3.70000000,,0,,,,,,
Asien,Asien,LOC,0.00000000,0.54054054,de,3.70000000,4003217-6,6255147,L,29.84064000,89.29688000,ASIA,China,TIB
Israel,Israel,LOC,0.37837838,0.00000000,de,3.70000000,4027808-6,294640,A,31.50000000,34.75000000,EUROPE-AFRICA,Israel,MED
NRW Regen,NRW Regen,LOC,-0.37837838,0.00000000,de,3.70000000,,0,,,,,,
Nässe,Nässe,LOC,-0.45945946,0.00000000,de,3.70000000,,12060664,P,63.18374000,17.11035000,EUROPE,Sweden,NEU
Hessen,Hessen,LOC,0.27027027,0.00000000,de,3.70000000,4024729-6,2905330,A,50.55000000,9.00000000,EUROPE,Germany,WCE
Glatteis-Gefahr,Glatteis-Gefahr,LOC,0.00000000,0.00000000,de,3.70000000,,0,,,,,,
Nordsee,Nordsee,LOC,-0.18468468,0.40540541,de,3.70000000,4042579-4,2960848,H,55.33333000,3.00000000,EUROPE,,NEU
Spanien,Spanien,LOC,-0.19444444,0.00000000,de,3.60000000,4055964-6,2510769,A,40.00000000,-4.00000000,EUROPE-AFRICA,Spain,MED
Warnungen,Warnungen,LOC,0.00000000,0.00000000,de,3.60000000,,0,,,,,,
Bremen,Bremen,LOC,-0.20000000,0.00000000,de,3.50000000,4090044-7,2944388,P,53.07582000,8.80717000,EUROPE,Germany,NEU
Balearen,Balearen,LOC,0.00000000,0.00000000,de,3.50000000,4115833-7,2512989,P,39.56939000,2.65024000,EUROPE-AFRICA,Spain,MED
Spaniens,Spaniens,LOC,0.00000000,0.28571429,de,3.50000000,,0,,,,,,
Mittelmeer,Mittelmeer,LOC,-0.20000000,0.00000000,de,3.50000000,4074895-9,363196,H,35.00000000,20.00000000,EUROPE-AFRICA,,MED
Stuttgart,Stuttgart,LOC,0.29411765,0.00000000,de,3.40000000,4058282-6,2825297,P,48.78232000,9.17702000,EUROPE,Germany,WCE
Potsdam,Potsdam,LOC,-0.48888889,0.00000000,de,3.00000000,4046948-7,2852458,P,52.39886000,13.06566000,EUROPE,Germany,WCE
Formentera,Formentera,LOC,-0.94827586,0.00000000,de,2.90000000,4017869-9,2517690,T,38.69467000,1.46919000,EUROPE-AFRICA,Spain,MED
Mexikos,Mexikos,LOC,0.25000000,1.07142857,de,2.80000000,,0,,,,,,
Erzgebirge,Erzgebirge,LOC,0.00000000,0.00000000,de,2.80000000,4015476-2,2929226,T,50.50000000,13.16667000,EUROPE,Czechia,WCE
Sachsens,Sachsens,LOC,0.00000000,0.00000000,de,2.80000000,,0,,,,,,
Sturm,Sturm,LOC,0.00000000,0.00000000,de,2.80000000,,6626207,T,-71.05000000,162.96667000,POLAR,Antarctica,EAN
Afrikas,Afrikas,LOC,0.00000000,0.35714286,de,2.80000000,,0,,,,,,
Fango,Fango,LOC,0.00000000,0.00000000,de,2.80000000,,3442625,T,-34.78333000,-53.75000000,SOUTH-AMERICA,Uruguay,SES
Mecklenburg-Vorpommerns,Mecklenburg-Vorpommerns,LOC,-0.38095238,0.29761905,de,2.80000000,,0,,,,,,
Landkreis Wittenberg,Landkreis Wittenberg,LOC,0.00000000,0.00000000,de,2.80000000,4066640-2,7303020,P,51.86610000,12.64973000,EUROPE,Germany,WCE
Triest,Triest,LOC,0.00000000,0.00000000,de,2.80000000,4078411-3,3165185,P,45.64953000,13.77678000,EUROPE,Italy,WCE
Neuseeland,Neuseeland,LOC,-0.37500000,0.17857143,de,2.80000000,4041915-0,2186224,A,-42.00000000,174.00000000,OCEANIA,New Zealand,NZ
Korfu,Korfu,LOC,0.25000000,0.00000000,de,2.80000000,4192393-5,2463679,P,39.62441000,19.92016000,EUROPE-AFRICA,Greece,MED
Feldberg,Feldberg,LOC,-0.12500000,0.89285714,de,2.80000000,,2927445,T,47.87399000,8.00371000,EUROPE,Germany,WCE
Frankfurt,Frankfurt,LOC,-0.35714286,0.00000000,de,2.80000000,4018118-2,2925533,P,50.11552000,8.68417000,EUROPE,Germany,WCE
Wetterchaos,Wetterchaos,LOC,-0.75000000,0.00000000,de,2.80000000,,0,,,,,,
Marbella,Marbella,LOC,-0.80357143,0.00000000,de,2.80000000,4132923-5,2514169,P,36.51543000,-4.88583000,EUROPE-AFRICA,Spain,MED
Vereinigten Arabischen Emiraten,Vereinigten Arabischen Emiraten,LOC,0.13095238,0.00000000,de,2.80000000,,0,,,,,,
Thüringen,Thüringen,LOC,0.60714286,0.00000000,de,2.80000000,4059979-6,2822542,A,50.91667000,11.00000000,EUROPE,Germany,WCE
Heubach,Heubach,LOC,0.60714286,0.00000000,de,2.80000000,4095193-5,2905154,P,48.79267000,9.93370000,EUROPE,Germany,WCE
Griechenland,Griechenland,LOC,0.25000000,0.00000000,de,2.80000000,4022047-3,390903,A,39.00000000,22.00000000,EUROPE-AFRICA,Greece,MED
Gaza,Gaza,LOC,0.25925926,0.00000000,de,2.70000000,4092680-1,281133,P,31.50161000,34.46672000,EUROPE-AFRICA,Palestinian Territory,MED
Valencia,Valencia,LOC,0.00000000,0.00000000,de,2.70000000,4062284-8,3625549,P,10.16153000,-68.00044000,SOUTH-AMERICA,Venezuela,NSA
Südkaliforniens,Südkaliforniens,LOC,0.77777778,0.00000000,de,2.70000000,,0,,,,,,
Stromausfälle,Stromausfälle,LOC,0.25925926,0.00000000,de,2.70000000,,0,,,,,,
Berlin-Brandenburg,Berlin-Brandenburg,LOC,0.00000000,0.00000000,de,2.70000000,,8181624,S,52.36213000,13.50168000,EUROPE,Germany,WCE
Hue,Hue,LOC,-0.25925926,0.00000000,de,2.70000000,,1580240,P,16.46190000,107.59546000,ASIA,Vietnam,SEA
Regen,Regen,LOC,0.18518519,0.18518519,de,2.70000000,4048975-9,2849495,P,48.97190000,13.12824000,EUROPE,Germany,WCE
Südspanien,Südspanien,LOC,0.00000000,0.00000000,de,2.60000000,,0,,,,,,
Málaga,Málaga,LOC,0.00000000,0.00000000,de,2.60000000,4100040-7,2514256,P,36.72016000,-4.42034000,EUROPE-AFRICA,Spain,MED
Mittelmeerraum,Mittelmeerraum,LOC,0.62820513,0.00000000,de,2.60000000,,0,,,,,,
Kanada,Kanada,LOC,-0.38461538,0.00000000,de,2.60000000,4029456-0,6251999,A,60.10867000,-113.64258000,NORTH-AMERICA,Canada,NWN
Stadt,Stadt,LOC,0.68000000,0.00000000,de,2.50000000,,2661604,P,47.55839000,7.57327000,EUROPE,Switzerland,WCE
Karibik,Karibik,LOC,-0.28000000,0.00000000,de,2.50000000,4073241-1,7729891,L,20.38583000,-72.33398000,CENTRAL-AMERICA,,CAR
nan,nan,LOC,0.00000000,0.41666667,de,2.40000000,,1608452,P,18.78378000,100.77899000,ASIA,Thailand,SEA
Bayerns Alpen,Bayerns Alpen,LOC,0.00000000,0.00000000,de,2.40000000,,0,,,,,,
Brasilien,Brasilien,LOC,-0.06250000,0.00000000,de,2.40000000,4008003-1,3469034,A,-10.00000000,-55.00000000,SOUTH-AMERICA,Brazil,SAM
Föhr,Föhr,LOC,0.00000000,0.00000000,de,2.40000000,4067126-4,2805396,P,54.69140000,8.56702000,EUROPE,Germany,NEU
Gewitter,Gewitter,LOC,0.00000000,0.00000000,de,2.40000000,,0,,,,,,
Jamaika,Jamaika,LOC,-1.21739130,0.00000000,de,2.30000000,127193-3,3489940,A,18.16667000,-77.25000000,CENTRAL-AMERICA,Jamaica,CAR
Norddeutschlands,Norddeutschlands,LOC,0.30434783,0.00000000,de,2.30000000,,0,,,,,,
Oberpfalz,Oberpfalz,LOC,-0.73913043,0.00000000,de,2.30000000,4041837-6,2864549,P,49.28028000,11.46278000,EUROPE,Germany,WCE
Nordseeküste,Nordseeküste,LOC,-0.31818182,0.00000000,de,2.20000000,4075482-0,12076810,L,53.83568000,8.11677000,EUROPE,Germany,NEU
Freistaat,Freistaat,LOC,-0.63636364,0.00000000,de,2.20000000,4059979-6,2822542,A,50.91667000,11.00000000,EUROPE,Germany,WCE
Anmarsch,Anmarsch,LOC,0.19318182,0.00000000,de,2.20000000,,0,,,,,,
Hitzephasen,Hitzephasen,LOC,0.00000000,0.00000000,de,2.20000000,,0,,,,,,
Umständen,Umständen,LOC,-0.47619048,0.00000000,de,2.10000000,,0,,,,,,
Harz,Harz,LOC,-0.52631579,0.00000000,de,1.90000000,4023568-3,2909965,T,51.75619000,10.63462000,EUROPE,Germany,WCE
Sachsen-Anhalts,Sachsen-Anhalts,LOC,0.00000000,0.00000000,de,1.90000000,,0,,,,,,
Mount Maunganui,Mount Maunganui,LOC,-0.36842105,0.00000000,de,1.90000000,,2186442,A,-37.61667000,176.18333000,OCEANIA,New Zealand,NZ
Temperaturen,Temperaturen,LOC,0.52631579,0.00000000,de,1.90000000,,0,,,,,,
Hitzewellen,Hitzewellen,LOC,0.00000000,0.00000000,de,1.90000000,,0,,,,,,
Erdrutsch,Erdrutsch,LOC,-0.55263158,0.26315789,de,1.90000000,,0,,,,,,
Brazzano di Cormons,Brazzano di Cormons,LOC,-0.36842105,0.00000000,de,1.90000000,,3181594,P,45.97557000,13.45442000,EUROPE,Italy,WCE
Naturkatastrophe,Naturkatastrophe,LOC,0.36842105,0.00000000,de,1.90000000,,0,,,,,,
Kreis Wittenberg,Kreis Wittenberg,LOC,-0.36842105,0.00000000,de,1.90000000,254569-X,2807346,S,54.26258000,10.38421000,EUROPE,Germany,NEU
Glatteisgefahr,Glatteisgefahr,LOC,-0.36842105,0.00000000,de,1.90000000,,0,,,,,,
Insel-Hauptstadt,Insel-Hauptstadt,LOC,0.00000000,0.00000000,de,1.90000000,,0,,,,,,
Simbabwe,Simbabwe,LOC,0.00000000,0.52631579,de,1.90000000,4049850-5,878675,A,-19.00000000,29.75000000,AFRICA,Zimbabwe,ESAF
Überflutungen,Überflutungen,LOC,-0.52631579,0.00000000,de,1.90000000,,0,,,,,,
Gl…,Gl…,LOC,0.00000000,0.00000000,de,1.90000000,,0,,,,,,
Küsten,Küsten,LOC,-1.05263158,0.00000000,de,1.90000000,4632556-6,2882243,P,52.97779000,11.06240000,EUROPE,Germany,WCE
US-Bundesstaats Kalifornien,US-Bundesstaats Kalifornien,LOC,-0.36842105,0.00000000,de,1.90000000,,0,,,,,,
Schlammlawinen,Schlammlawinen,LOC,0.00000000,0.00000000,de,1.90000000,,0,,,,,,
Leipzig,Leipzig,LOC,0.00000000,0.00000000,de,1.90000000,4035206-7,2879139,P,51.33962000,12.37129000,EUROPE,Germany,WCE
sn,sn,LOC,0.00000000,0.00000000,de,1.90000000,4000695-5,6255146,L,7.18810000,21.09375000,AFRICA,Central African Republic,CAF
Böen,Böen,LOC,0.00000000,0.00000000,de,1.90000000,,3160910,P,59.75000000,8.78333000,EUROPE,Norway,NEU
Murcia,Murcia,LOC,0.00000000,0.00000000,de,1.90000000,4115291-8,2513416,P,37.98704000,-1.13004000,EUROPE-AFRICA,Spain,MED
Risiko,Risiko,LOC,0.18421053,0.78947368,de,1.90000000,,0,,,,,,
Athen,Athen,LOC,0.00000000,0.00000000,de,1.90000000,4003366-1,264371,P,37.98376000,23.72784000,EUROPE-AFRICA,Greece,MED
Hamburgs,Hamburgs,LOC,-0.24561404,0.17543860,de,1.90000000,4239189-1,2911298,P,53.55073000,9.99302000,EUROPE,Germany,NEU
Thüringer Skigebiete,Thüringer Skigebiete,LOC,0.00000000,0.00000000,de,1.90000000,,0,,,,,,
Illora,Illora,LOC,0.36842105,0.17543860,de,1.90000000,1165672103,2516455,P,37.28771000,-3.88109000,EUROPE-AFRICA,Spain,MED
Dortmund,Dortmund,LOC,-0.52631579,0.00000000,de,1.90000000,4012814-3,2935517,P,51.51494000,7.46600000,EUROPE,Germany,WCE
Gondo,Gondo,LOC,0.00000000,0.00000000,de,1.90000000,4714153-0,2457049,T,15.00000000,-2.00000000,AFRICA,Mali,SAH
Cebu City,Cebu City,LOC,-0.25438596,0.00000000,de,1.90000000,4216903-3,1717512,P,10.31672000,123.89071000,ASIA,Philippines,SEA
Erdrutsch-Gefahr,Erdrutsch-Gefahr,LOC,-1.05263158,0.00000000,de,1.90000000,,0,,,,,,
Brasília,Brasília,LOC,0.00000000,0.00000000,de,1.90000000,4008003-1,3469034,A,-10.00000000,-55.00000000,SOUTH-AMERICA,Brazil,SAM
lsw,lsw,LOC,0.52631579,0.00000000,de,1.90000000,,1214658,P,5.18010000,97.15070000,ASIA,Indonesia,SEA
Wassernotstand,Wassernotstand,LOC,0.00000000,0.00000000,de,1.90000000,,0,,,,,,
Emirates,Emirates,LOC,-0.73684211,0.00000000,de,1.90000000,4062742-1,290557,A,23.75000000,54.50000000,ASIA,United Arab Emirates,ARP
Europa,Europa,LOC,0.00000000,0.00000000,de,1.90000000,4015701-5,6255148,L,48.69096000,9.14062000,EUROPE,Germany,WCE
Wasserreserven,Wasserreserven,LOC,0.00000000,0.00000000,de,1.90000000,,0,,,,,,
Iberische Halbinsel,Iberische Halbinsel,LOC,0.00000000,0.00000000,de,1.90000000,4047912-2,2267430,T,40.00000000,-5.00000000,EUROPE-AFRICA,Spain,MED
Mosambik,Mosambik,LOC,-0.36842105,0.52631579,de,1.90000000,4039786-5,1036973,A,-18.25000000,35.00000000,AFRICA,Mozambique,ESAF
Präsenzunterricht,Präsenzunterricht,LOC,0.00000000,0.00000000,de,1.90000000,,0,,,,,,
Sturmflut,Sturmflut,LOC,-0.29824561,0.17543860,de,1.90000000,,0,,,,,,
Dubai,Dubai,LOC,-0.17543860,0.00000000,de,1.90000000,4204044-9,292223,P,25.07725000,55.30927000,ASIA,United Arab Emirates,ARP
Wetterbericht,Wetterbericht,LOC,0.00000000,0.00000000,de,1.90000000,,0,,,,,,
Südafrika,Südafrika,LOC,0.00000000,1.05263158,de,1.90000000,4078012-0,953987,A,-29.00000000,24.00000000,AFRICA,South Africa,WSAF
Nha Trang,Nha Trang,LOC,-0.58333333,0.27777778,de,1.80000000,4669374-9,1572151,P,12.24507000,109.19432000,ASIA,Vietnam,SEA
Afrika,Afrika,LOC,0.77777778,0.00000000,de,1.80000000,4000695-5,6255146,L,7.18810000,21.09375000,AFRICA,Central African Republic,CAF
Milliardenschaden,Milliardenschaden,LOC,0.00000000,0.00000000,de,1.80000000,,0,,,,,,
Fährausfälle,Fährausfälle,LOC,0.00000000,0.00000000,de,1.80000000,,0,,,,,,
Genua,Genua,LOC,0.38888889,0.00000000,de,1.80000000,4020185-5,3176219,P,44.40478000,8.94439000,EUROPE-AFRICA,Italy,MED
Mittelmeer-Länder,Mittelmeer-Länder,LOC,0.00000000,0.00000000,de,1.80000000,,0,,,,,,
Heftiger Regen,Heftiger Regen,LOC,0.00000000,0.00000000,de,1.80000000,,0,,,,,,
Zyklon,Zyklon,LOC,0.00000000,0.00000000,de,1.80000000,,0,,,,,,
Verkehrsbehinderungen,Verkehrsbehinderungen,LOC,0.00000000,0.00000000,de,1.80000000,,0,,,,,,
Gewittern,Gewittern,LOC,-1.11111111,0.00000000,de,1.80000000,,0,,,,,,
Zentrum des Landes,Zentrum des Landes,LOC,-0.38888889,0.00000000,de,1.80000000,,0,,,,,,
Festlands,Festlands,LOC,0.00000000,0.00000000,de,1.80000000,,0,,,,,,
Küste,Küste,LOC,0.00000000,0.00000000,de,1.80000000,4014426-4,2287781,A,8.00000000,-5.50000000,AFRICA,Ivory Coast,WAF
Tarragona,Tarragona,LOC,0.00000000,0.00000000,de,1.80000000,4059081-1,3108288,P,41.11905000,1.24544000,EUROPE-AFRICA,Spain,MED
Katalonien,Katalonien,LOC,0.00000000,0.00000000,de,1.80000000,4029916-8,3125609,L,42.00000000,2.00000000,EUROPE-AFRICA,Spain,MED
Zentrum von Vietnam,Zentrum von Vietnam,LOC,0.77777778,0.00000000,de,1.80000000,,0,,,,,,
Gemeinde,Gemeinde,LOC,0.00000000,0.00000000,de,1.80000000,4062244-7,3042030,P,47.14151000,9.52154000,EUROPE,Liechtenstein,WCE
Schneefallgrenze,Schneefallgrenze,LOC,0.00000000,0.00000000,de,1.80000000,,0,,,,,,
Schlammmassen,Schlammmassen,LOC,0.00000000,0.00000000,de,1.70000000,,0,,,,,,
Bayerns,Bayerns,LOC,-0.41176471,0.00000000,de,1.70000000,,0,,,,,,
Südostasiens,Südostasiens,LOC,-0.58823529,0.00000000,de,1.70000000,,0,,,,,,
lrs,lrs,LOC,-0.19607843,0.00000000,de,1.70000000,,5880061,S,70.13395000,-143.58045000,NORTH-AMERICA,United States,NWN
Dominikanischen Republik,Dominikanischen Republik,LOC,-0.41176471,0.00000000,de,1.70000000,,0,,,,,,
Haiti,Haiti,LOC,-0.41176471,0.00000000,de,1.70000000,4022974-9,3723988,A,19.07582000,-72.29616000,CENTRAL-AMERICA,Haiti,CAR
Le…,Le…,LOC,0.00000000,0.00000000,de,1.70000000,,0,,,,,,
Elbe,Elbe,LOC,0.00000000,0.00000000,de,1.60000000,4115252-9,2868531,P,51.43453000,13.22177000,EUROPE,Germany,WCE
Niederbayern,Niederbayern,LOC,-0.87500000,0.00000000,de,1.60000000,4034367-4,2881485,P,48.52961000,12.16179000,EUROPE,Germany,WCE
Tübingen,Tübingen,LOC,0.00000000,0.00000000,de,1.60000000,4061147-4,2820860,P,48.52266000,9.05222000,EUROPE,Germany,WCE
Brasiliens,Brasiliens,LOC,-0.46666667,0.00000000,de,1.50000000,,0,,,,,,
São Paulo,São Paulo,LOC,0.00000000,0.00000000,de,1.50000000,4051667-2,3448439,P,-23.54750000,-46.63611000,SOUTH-AMERICA,Brazil,SES
Kanarischen Inseln,Kanarischen Inseln,LOC,0.00000000,0.00000000,de,1.50000000,,0,,,,,,
Industrienationen,Industrienationen,LOC,0.00000000,0.71428571,de,1.40000000,,0,,,,,,
Tierpark,Tierpark,LOC,0.00000000,0.00000000,de,1.40000000,,7932052,L,53.59639000,9.93778000,EUROPE,Germany,NEU
Blitzeis,Blitzeis,LOC,0.23076923,0.00000000,de,1.30000000,,0,,,,,,
Null-Grad-Grenzen,Null-Grad-Grenzen,LOC,0.71794872,0.51282051,de,1.30000000,,462258,P,54.55000000,22.68333000,EUROPE,Russia,WCE
Meteorologen,Meteorologen,LOC,-0.53846154,0.00000000,de,1.30000000,,0,,,,,,
“,“,LOC,0.00000000,0.76923077,de,1.30000000,,0,,,,,,
FDP-Chef,FDP-Chef,LOC,0.00000000,0.00000000,de,1.20000000,,0,,,,,,
Albufeira,Albufeira,LOC,1.16666667,0.00000000,de,1.20000000,4126599-3,8010512,A,37.08341000,-8.26139000,EUROPE-AFRICA,Portugal,MED
Distanzunterricht,Distanzunterricht,LOC,1.75000000,0.00000000,de,1.20000000,,0,,,,,,
Düsseldorf,Düsseldorf,LOC,0.58333333,0.00000000,de,1.20000000,4013255-9,2934246,P,51.22172000,6.77616000,EUROPE,Germany,WCE
Brandenburgs,Brandenburgs,LOC,-0.58333333,0.00000000,de,1.20000000,,8181624,S,52.36213000,13.50168000,EUROPE,Germany,WCE
Winters,Winters,LOC,0.00000000,0.00000000,de,1.20000000,,5410125,P,38.52491000,-121.97080000,NORTH-AMERICA,United States,WNA
Winter-Spaß,Winter-Spaß,LOC,-0.58333333,0.00000000,de,1.20000000,,0,,,,,,
Montagfrüh,Montagfrüh,LOC,0.00000000,0.00000000,de,1.20000000,,0,,,,,,
Stadt München,Stadt München,LOC,0.00000000,0.30303030,de,1.10000000,4245720-8,2867714,P,48.13743000,11.57549000,EUROPE,Germany,WCE
Surfern,Surfern,LOC,0.95454545,0.45454545,de,1.10000000,,0,,,,,,
lnw,lnw,LOC,0.00000000,0.00000000,de,1.10000000,,6953040,S,52.10500000,-3.63200000,EUROPE,United Kingdom,NEU
Portugals,Portugals,LOC,1.27272727,0.00000000,de,1.10000000,,964394,H,-32.35000000,21.01667000,AFRICA,South Africa,WSAF
Vancouver,Vancouver,LOC,0.90909091,0.00000000,de,1.10000000,4119364-7,6173331,P,49.24966000,-123.11934000,NORTH-AMERICA,Canada,WNA
Uckermark,Uckermark,LOC,-0.70000000,0.00000000,de,1.00000000,4061353-7,2820521,L,53.11667000,13.50000000,EUROPE,Germany,WCE
Wilhelmshaven,Wilhelmshaven,LOC,-1.00000000,0.00000000,de,1.00000000,4066173-8,2808720,P,53.52998000,8.11253000,EUROPE,Germany,NEU
Nordschwarzwald,Nordschwarzwald,LOC,0.00000000,0.00000000,de,1.00000000,4075477-7,11239725,S,48.74752000,8.53148000,EUROPE,Germany,WCE
Sturmböen…,Sturmböen…,LOC,0.00000000,0.00000000,de,1.00000000,,0,,,,,,
Sturmtief «Elli,Sturmtief «Elli,LOC,0.00000000,0.00000000,de,1.00000000,,0,,,,,,
F…,F…,LOC,-1.00000000,0.00000000,de,1.00000000,,0,,,,,,
Flüssen,Flüssen,LOC,-1.00000000,0.00000000,de,1.00000000,,2926035,P,48.21861000,10.27462000,EUROPE,Germany,WCE
Sauerland,Sauerland,LOC,0.00000000,0.00000000,de,1.00000000,4058620-0,2824655,P,51.32810000,8.00369000,EUROPE,Germany,WCE
Bergischen Land,Bergischen Land,LOC,0.00000000,0.00000000,de,1.00000000,,0,,,,,,
Mainz/Saarbrücken,Mainz/Saarbrücken,LOC,-0.33333333,0.00000000,de,1.00000000,,0,,,,,,
Sturmtief Elli,Sturmtief Elli,LOC,-0.70000000,0.00000000,de,1.00000000,,0,,,,,,
Baltschieder,Baltschieder,LOC,0.00000000,0.00000000,de,1.00000000,4749366-5,2661624,P,46.30888000,7.86570000,EUROPE,Switzerland,WCE
Mexiko-Stadt,Mexiko-Stadt,LOC,0.00000000,0.00000000,de,1.00000000,4039060-3,3530597,P,19.42847000,-99.12766000,CENTRAL-AMERICA,Mexico,NCA
Hauptstrecken,Hauptstrecken,LOC,0.00000000,0.00000000,de,1.00000000,,0,,,,,,
Kassel/Frankfurt/Darmstadt,Kassel/Frankfurt/Darmstadt,LOC,-0.85000000,0.00000000,de,1.00000000,,0,,,,,,
Abendstunden Sturmböen,Abendstunden Sturmböen,LOC,-1.00000000,0.00000000,de,1.00000000,,0,,,,,,
Regenschauer,Regenschauer,LOC,0.00000000,0.00000000,de,1.00000000,,0,,,,,,
Winter-Sturm,Winter-Sturm,LOC,0.00000000,0.00000000,de,1.00000000,,0,,,,,,
Saarbrücken/Kaiserslautern/Laumersheim,Saarbrücken/Kaiserslautern/Laumersheim,LOC,0.00000000,0.00000000,de,1.00000000,,0,,,,,,
Schwarzwalde…,Schwarzwalde…,LOC,0.00000000,0.00000000,de,1.00000000,,0,,,,,,
Walliser,Walliser,LOC,0.00000000,0.00000000,de,1.00000000,,3171241,T,46.07942000,8.08834000,EUROPE,Italy,WCE
Os…,Os…,LOC,0.00000000,0.00000000,de,1.00000000,,0,,,,,,
Norddeutschland,Norddeutschland,LOC,0.00000000,1.00000000,de,1.00000000,4075454-6,11978817,T,51.47087000,6.56787000,EUROPE,Germany,WCE
Neubrück,Neubrück,LOC,0.00000000,0.00000000,de,1.00000000,7722970-8,2866110,P,51.13434000,6.63857000,EUROPE,Germany,WCE
Granada,Granada,LOC,0.00000000,0.00000000,de,1.00000000,4021981-1,3580239,A,12.11667000,-61.66667000,CENTRAL-AMERICA,Grenada,CAR
Atlantik,Atlantik,LOC,-0.70000000,0.00000000,de,1.00000000,4003388-0,2395914,P,6.44852000,2.35566000,AFRICA,Benin,WAF
Schaufel,Schaufel,LOC,0.00000000,0.00000000,de,1.00000000,7832124-4,2840157,T,51.00000000,11.40000000,EUROPE,Germany,WCE
Baden-Württembergs,Baden-Württembergs,LOC,0.00000000,0.00000000,de,1.00000000,,0,,,,,,
Samstagmorgen,Samstagmorgen,LOC,-0.70000000,0.00000000,de,1.00000000,,0,,,,,,
Sturmböen ei,Sturmböen ei,LOC,0.00000000,0.00000000,de,1.00000000,,0,,,,,,
Schwarzwald,Schwarzwald,LOC,-0.70000000,0.00000000,de,1.00000000,4034109-4,2881885,P,48.34042000,7.86886000,EUROPE,Germany,WCE
Un…,Un…,LOC,0.00000000,0.00000000,de,1.00000000,,0,,,,,,
Andalusiens,Andalusiens,LOC,-0.70000000,0.00000000,de,1.00000000,,0,,,,,,
Thüringer,Thüringer,LOC,0.70000000,0.00000000,de,1.00000000,,2822540,T,50.66667000,10.83333000,EUROPE,Germany,WCE
Lappland,Lappland,LOC,0.00000000,0.00000000,de,1.00000000,4034581-6,2696973,L,65.90000000,18.06667000,EUROPE,Sweden,NEU
Nationalpark Sarek,Nationalpark Sarek,LOC,0.00000000,0.00000000,de,1.00000000,,0,,,,,,
Masserberg,Masserberg,LOC,1.00000000,0.00000000,de,1.00000000,4253316-8,2872980,P,50.51981000,10.97087000,EUROPE,Germany,WCE
Landkreis Hildburghausen,Landkreis Hildburghausen,LOC,1.00000000,0.00000000,de,1.00000000,4089228-1,2904804,P,50.42553000,10.73184000,EUROPE,Germany,WCE
Landkreis Harburg,Landkreis Harburg,LOC,0.00000000,0.00000000,de,1.00000000,4023414-9,2910686,P,48.78674000,10.68927000,EUROPE,Germany,WCE
Wildpark Schwarze Berge,Wildpark Schwarze Berge,LOC,0.00000000,0.00000000,de,1.00000000,,0,,,,,,
Winterwetter,Winterwetter,LOC,0.00000000,0.00000000,de,1.00000000,,0,,,,,,
Flut,Flut,LOC,0.00000000,0.00000000,de,1.00000000,,2926026,H,51.34669000,11.33460000,EUROPE,Germany,WCE
Schneesturm,Schneesturm,LOC,1.00000000,0.00000000,de,1.00000000,,0,,,,,,
Íllora,Íllora,LOC,0.00000000,0.00000000,de,1.00000000,1165672103,2516455,P,37.28771000,-3.88109000,EUROPE-AFRICA,Spain,MED
Ostwestfalen,Ostwestfalen,LOC,-0.15000000,0.00000000,de,1.00000000,4117980-8,12076813,L,52.02969000,8.65538000,EUROPE,Germany,WCE
FDP-Chef Höne,FDP-Chef Höne,LOC,-1.00000000,0.00000000,de,1.00000000,,0,,,,,,
Sachschaden,Sachschaden,LOC,0.00000000,0.00000000,de,1.00000000,,0,,,,,,
Tierpark Animalia,Tierpark Animalia,LOC,0.00000000,0.00000000,de,1.00000000,,0,,,,,,
Südafrik…,Südafrik…,LOC,0.00000000,0.00000000,de,1.00000000,,0,,,,,,
Starkregen-Rätsel,Starkregen-Rätsel,LOC,0.00000000,0.00000000,de,1.00000000,,0,,,,,,
Erdrutschen,Erdrutschen,LOC,0.00000000,0.00000000,de,1.00000000,,0,,,,,,
Rettung,Rettung,LOC,0.00000000,1.00000000,de,1.00000000,,0,,,,,,
Sturm-Chaos,Sturm-Chaos,LOC,0.00000000,0.00000000,de,1.00000000,,0,,,,,,
Stadtteile,Stadtteile,LOC,0.70000000,0.00000000,de,1.00000000,,0,,,,,,
Nordinsel,Nordinsel,LOC,0.00000000,1.00000000,de,1.00000000,,2185983,T,-39.00000000,176.00000000,OCEANIA,New Zealand,NZ
Neuseelands,Neuseelands,LOC,0.00000000,1.00000000,de,1.00000000,,0,,,,,,
Schwaben,Schwaben,LOC,0.00000000,0.00000000,de,1.00000000,4053668-3,2824481,L,48.00000000,9.00000000,EUROPE,Germany,WCE
Franken,Franken,LOC,0.00000000,0.00000000,de,1.00000000,4018093-1,2803465,L,50.00000000,9.00000000,EUROPE,Germany,WCE
Mittelmeerinseln,Mittelmeerinseln,LOC,0.00000000,0.00000000,de,1.00000000,,0,,,,,,
Milliardenhöhe,Milliardenhöhe,LOC,0.00000000,0.00000000,de,1.00000000,,0,,,,,,
Ibizia,Ibizia,LOC,0.00000000,0.00000000,de,1.00000000,,0,,,,,,
Sizilien,Sizilien,LOC,-0.70000000,0.00000000,de,1.00000000,4055193-3,2523118,T,37.62304000,13.93457000,EUROPE-AFRICA,Italy,MED
Emsland,Emsland,LOC,0.00000000,0.00000000,de,1.00000000,4044521-5,2855525,P,53.07738000,7.40444000,EUROPE,Germany,NEU
Münsterland,Münsterland,LOC,0.00000000,0.00000000,de,1.00000000,4040619-2,2857450,L,52.78789000,8.02481000,EUROPE,Germany,WCE
Sachsen-Anhalt,Sachsen-Anhalt,LOC,0.00000000,0.00000000,de,1.00000000,4036934-1,2874545,P,52.13129000,11.63189000,EUROPE,Germany,WCE
Halle (Saale,Halle (Saale,LOC,0.00000000,0.00000000,de,1.00000000,4023027-2,2911522,P,51.48158000,11.97947000,EUROPE,Germany,WCE
Bergen,Bergen,LOC,0.00000000,0.00000000,de,1.00000000,1027742-0,3161732,P,60.39299000,5.32415000,EUROPE,Norway,NEU
W…,W…,LOC,0.00000000,0.00000000,de,1.00000000,,0,,,,,,
Neuschnee,Neuschnee,LOC,0.00000000,0.00000000,de,1.00000000,,0,,,,,,
Wittenberg,Wittenberg,LOC,0.00000000,0.00000000,de,1.00000000,4066640-2,7303020,P,51.86610000,12.64973000,EUROPE,Germany,WCE
sa,sa,LOC,0.00000000,0.00000000,de,1.00000000,,6255150,L,-14.60485000,-57.65625000,SOUTH-AMERICA,Brazil,SAM
Landkreis Wittenber…,Landkreis Wittenber…,LOC,0.00000000,0.00000000,de,1.00000000,,0,,,,,,
gefrierender Regen,gefrierender Regen,LOC,-1.00000000,0.00000000,de,1.00000000,,0,,,,,,
Xicotepec,Xicotepec,LOC,0.00000000,0.00000000,de,1.00000000,16342929-7,8583242,A,20.31813000,-97.90889000,CENTRAL-AMERICA,Mexico,NCA
Unwetterkatastrophe,Unwetterkatastrophe,LOC,0.00000000,0.00000000,de,1.00000000,,0,,,,,,
Balearen-Inseln,Balearen-Inseln,LOC,0.00000000,0.00000000,de,1.00000000,4115833-7,2512989,P,39.56939000,2.65024000,EUROPE-AFRICA,Spain,MED
Katastrophengebiete,Katastrophengebiete,LOC,0.00000000,0.00000000,de,1.00000000,,0,,,,,,
Verkehrsminister,Verkehrsminister,LOC,-0.70000000,0.00000000,de,1.00000000,,0,,,,,,
Warmfront,Warmfront,LOC,-0.70000000,0.00000000,de,1.00000000,,0,,,,,,
Ballungsgebiete,Ballungsgebiete,LOC,0.00000000,0.00000000,de,1.00000000,,0,,,,,,
"Sturmtief ""Joshua","Sturmtief ""Joshua",LOC,0.00000000,0.00000000,de,1.00000000,,0,,,,,,
Lebenszeichen,Lebenszeichen,LOC,0.00000000,0.00000000,de,1.00000000,,0,,,,,,
Müllmassen,Müllmassen,LOC,-0.15000000,0.00000000,de,1.00000000,,0,,,,,,
Palma,Palma,LOC,0.00000000,0.00000000,de,1.00000000,4115833-7,2512989,P,39.56939000,2.65024000,EUROPE-AFRICA,Spain,MED
Schulministerin,Schulministerin,LOC,1.00000000,0.00000000,de,1.00000000,,0,,,,,,
Neujahrsempfang,Neujahrsempfang,LOC,-0.70000000,0.00000000,de,1.00000000,,0,,,,,,
Waren,Waren,LOC,0.00000000,0.00000000,de,1.00000000,,12408483,A,-1.59861000,134.08972000,ASIA,Indonesia,SEA
Müritz,Müritz,LOC,0.00000000,0.00000000,de,1.00000000,4040646-5,2867454,H,53.42678000,12.69174000,EUROPE,Germany,WCE
Präsenzpflicht,Präsenzpflicht,LOC,0.00000000,0.00000000,de,1.00000000,,0,,,,,,
Hitze,Hitze,LOC,1.00000000,0.00000000,de,1.00000000,,2903464,S,50.36667000,12.00000000,EUROPE,Germany,WCE
Mainz/Kassel,Mainz/Kassel,LOC,0.00000000,0.00000000,de,1.00000000,,0,,,,,,
Borkenkäfer,Borkenkäfer,LOC,1.00000000,0.00000000,de,1.00000000,,0,,,,,,
Klimawandel,Klimawandel,LOC,0.70000000,0.00000000,de,1.00000000,,0,,,,,,
Halle Halle,Halle Halle,LOC,0.00000000,0.00000000,de,1.00000000,4023027-2,2911522,P,51.48158000,11.97947000,EUROPE,Germany,WCE
Sturmtief Alice,Sturmtief Alice,LOC,0.00000000,0.00000000,de,1.00000000,,0,,,,,,
amtliche W,amtliche W,LOC,0.00000000,0.00000000,de,1.00000000,,0,,,,,,
La…,La…,LOC,0.00000000,0.00000000,de,1.00000000,,0,,,,,,
Katastrophen-Alarm,Katastrophen-Alarm,LOC,0.00000000,0.00000000,de,1.00000000,,0,,,,,,
Alicante,Alicante,LOC,0.00000000,0.00000000,de,1.00000000,4079702-8,2521978,P,38.34517000,-0.48149000,EUROPE-AFRICA,Spain,MED
Tief Alice,Tief Alice,LOC,0.00000000,0.00000000,de,1.00000000,,0,,,,,,
Sachsen am Morgen,Sachsen am Morgen,LOC,0.00000000,0.00000000,de,1.00000000,,0,,,,,,
Ostsachsen,Ostsachsen,LOC,0.00000000,0.00000000,de,1.00000000,,0,,,,,,
Tornados,Tornados,LOC,-1.00000000,0.00000000,de,1.00000000,,0,,,,,,
Sturmtief,Sturmtief,LOC,0.42500000,0.00000000,de,1.00000000,,0,,,,,,
Waldbränden,Waldbränden,LOC,-0.70000000,0.00000000,de,1.00000000,,0,,,,,,
Bundesstraßen,Bundesstraßen,LOC,0.00000000,0.00000000,de,1.00000000,,0,,,,,,
Provinz Songkhla,Provinz Songkhla,LOC,-1.00000000,0.00000000,de,1.00000000,,0,,,,,,
Insel Korfu,Insel Korfu,LOC,0.00000000,0.00000000,de,1.00000000,,0,,,,,,
Provinz Đắk Lắk,Provinz Đắk Lắk,LOC,0.00000000,0.00000000,de,1.00000000,,0,,,,,,
Vorschau,Vorschau,LOC,0.00000000,0.00000000,de,1.00000000,,0,,,,,,
Würzburg,Würzburg,LOC,-0.70000000,0.00000000,de,1.00000000,4067037-5,2805615,P,49.79391000,9.95121000,EUROPE,Germany,WCE
Münchens,Münchens,LOC,0.70000000,0.00000000,de,1.00000000,,6544563,S,48.14912000,11.56729000,EUROPE,Germany,WCE
Mittelfranken,Mittelfranken,LOC,-0.70000000,0.00000000,de,1.00000000,4039681-2,2870736,A,49.33333000,10.83333000,EUROPE,Germany,WCE
Eisbach von,Eisbach von,LOC,0.35000000,0.50000000,de,1.00000000,,0,,,,,,
Schleswig-Holstein,Schleswig-Holstein,LOC,0.00000000,0.00000000,de,1.00000000,4052692-6,2838632,A,54.20000000,9.75000000,EUROPE,Germany,NEU
Eisbach,Eisbach,LOC,0.00000000,0.33333333,de,1.00000000,,7873397,A,47.13377000,15.27246000,EUROPE,Austria,WCE
A93,A93,LOC,0.00000000,0.00000000,de,1.00000000,,0,,,,,,
Autobahn 93,Autobahn 93,LOC,-1.00000000,0.00000000,de,1.00000000,,0,,,,,,
Maxhütte-Haidhof,Maxhütte-Haidhof,LOC,-1.00000000,0.00000000,de,1.00000000,4038071-3,2872670,P,49.19963000,12.09229000,EUROPE,Germany,WCE
Südthailand,Südthailand,LOC,0.00000000,0.00000000,de,1.00000000,,0,,,,,,
Münchner Eisbach,Münchner Eisbach,LOC,0.00000000,0.00000000,de,1.00000000,,0,,,,,,
CHP Antelope Valley Area Of…,CHP Antelope Valley Area Of…,LOC,0.00000000,0.00000000,de,1.00000000,,0,,,,,,
Indonesiens,Indonesiens,LOC,0.70000000,0.00000000,de,1.00000000,,0,,,,,,
Malaysias,Malaysias,LOC,0.70000000,0.00000000,de,1.00000000,,0,,,,,,
Thailands,Thailands,LOC,0.70000000,0.00000000,de,1.00000000,,0,,,,,,
Pegeln,Pegeln,LOC,0.00000000,0.00000000,de,1.00000000,,0,,,,,,
M…,M…,LOC,0.00000000,0.00000000,de,1.00000000,,0,,,,,,
Wirbelsturm i…,Wirbelsturm i…,LOC,0.00000000,0.00000000,de,1.00000000,,0,,,,,,
Behördenangaben,Behördenangaben,LOC,0.00000000,0.00000000,de,1.00000000,,0,,,,,,
Obdach,Obdach,LOC,0.00000000,0.00000000,de,1.00000000,4526902-6,2770390,P,47.06667000,14.68333000,EUROPE,Austria,WCE
Schweiz,Schweiz,LOC,0.70000000,0.00000000,de,1.00000000,4053881-3,2658434,A,47.00016000,8.01427000,EUROPE,Switzerland,WCE
Offenbach,Offenbach,LOC,1.00000000,0.00000000,de,1.00000000,4043359-6,2857807,P,50.10061000,8.76647000,EUROPE,Germany,WCE
Oberbayern,Oberbayern,LOC,0.00000000,0.00000000,de,1.00000000,4245720-8,2867714,P,48.13743000,11.57549000,EUROPE,Germany,WCE
Kolumbusplatz,Kolumbusplatz,LOC,0.00000000,0.00000000,de,1.00000000,,0,,,,,,
Hennadiy Truchanov,Hennadiy Truchanov,LOC,-1.00000000,0.00000000,de,1.00000000,,0,,,,,,
Karin,Karin,LOC,-0.85000000,0.00000000,de,1.00000000,4070958-9,315368,P,39.90861000,41.27694000,ASIA,Turkey,WCA
Ferieninsel Korfu,Ferieninsel Korfu,LOC,0.00000000,0.00000000,de,1.00000000,,0,,,,,,
Fünf Tote,Fünf Tote,LOC,0.00000000,0.00000000,de,1.00000000,,0,,,,,,
Pazifik,Pazifik,LOC,0.00000000,0.00000000,de,1.00000000,,0,,,,,,
Ligurien,Ligurien,LOC,0.70000000,0.00000000,de,1.00000000,4035719-3,3174725,A,44.50000000,8.83333000,EUROPE-AFRICA,Italy,MED
Stadtverwalt…,Stadtverwalt…,LOC,0.00000000,0.00000000,de,1.00000000,,0,,,,,,
Urlaubsort,Urlaubsort,LOC,0.00000000,0.00000000,de,1.00000000,,0,,,,,,
Ahrtal,Ahrtal,LOC,-0.56666667,0.33333333,de,1.00000000,4084812-7,12470173,T,50.53330000,7.06670000,EUROPE,Germany,WCE
Theaterfestivals,Theaterfestivals,LOC,-0.70000000,0.00000000,de,1.00000000,,0,,,,,,
Wetterkapriolen,Wetterkapriolen,LOC,0.00000000,0.00000000,de,1.00000000,,0,,,,,,
Supertaifun „Fung-Wong,Supertaifun „Fung-Wong,LOC,0.00000000,0.00000000,de,1.00000000,,0,,,,,,
Regenstürme bedrohen Los Angeles,Regenstürme bedrohen Los Angeles,LOC,-1.00000000,0.00000000,de,1.00000000,,0,,,,,,
Klimakrise,Klimakrise,LOC,0.00000000,1.00000000,de,1.00000000,,0,,,,,,
Friaul,Friaul,LOC,0.00000000,0.00000000,de,1.00000000,4018494-8,3165071,A,46.16408000,13.17794000,EUROPE,Italy,WCE
Hauseinstürzen,Hauseinstürzen,LOC,0.00000000,0.00000000,de,1.00000000,,0,,,,,,
Kanaren,Kanaren,LOC,0.00000000,0.00000000,de,1.00000000,4073188-1,3408528,U,30.00000000,-25.00000000,ATLANTIC,,NAO
Gorizia,Gorizia,LOC,0.00000000,0.00000000,de,1.00000000,4071921-2,3175986,P,45.94088000,13.62167000,EUROPE,Slovenia,WCE
Corm…,Corm…,LOC,0.00000000,0.00000000,de,1.00000000,,0,,,,,,
Friaul-Julisch Venetien,Friaul-Julisch Venetien,LOC,0.00000000,0.00000000,de,1.00000000,,3176525,A,46.00000000,13.00000000,EUROPE,Italy,WCE
Cormons,Cormons,LOC,0.00000000,0.00000000,de,1.00000000,4230237-7,3178085,P,45.95531000,13.46683000,EUROPE,Italy,WCE
Puerto de la Cruz,Puerto de la Cruz,LOC,-0.70000000,0.00000000,de,1.00000000,4242802-6,3629672,P,10.21382000,-64.63280000,SOUTH-AMERICA,Venezuela,NSA
Brazzano,Brazzano,LOC,0.00000000,0.00000000,de,1.00000000,,3181594,P,45.97557000,13.45442000,EUROPE,Italy,WCE
China,China,LOC,1.00000000,0.00000000,de,1.00000000,4009937-4,1814991,A,35.00000000,105.00000000,ASIA,China,EAS
Haus von Schlammmassen,Haus von Schlammmassen,LOC,0.00000000,0.00000000,de,1.00000000,,0,,,,,,
Brazzan…,Brazzan…,LOC,0.00000000,0.00000000,de,1.00000000,,0,,,,,,
Südchinesischen Meer,Südchinesischen Meer,LOC,0.00000000,0.00000000,de,1.00000000,,0,,,,,,
Kalmaegi,Kalmaegi,LOC,0.00000000,0.00000000,de,1.00000000,,2043622,P,40.31731000,125.83860000,ASIA,North Korea,EAS
Regen-Front,Regen-Front,LOC,0.00000000,0.00000000,de,1.00000000,,0,,,,,,
Wetterexperten,Wetterexperten,LOC,-0.70000000,0.00000000,de,1.00000000,,0,,,,,,
Regenwand r…,Regenwand r…,LOC,-0.70000000,0.00000000,de,1.00000000,,0,,,,,,
Dak Lak,Dak Lak,LOC,0.00000000,1.00000000,de,1.00000000,4816783-6,1586896,P,12.66747000,108.03775000,ASIA,Vietnam,SEA
Hochwasserkatastrophe,Hochwasserkatastrophe,LOC,0.00000000,0.00000000,de,1.00000000,,0,,,,,,
Insel Sumatra,Insel Sumatra,LOC,0.00000000,1.00000000,de,1.00000000,,0,,,,,,
Ukraine,Ukraine,LOC,0.00000000,0.00000000,de,1.00000000,4061496-7,690791,A,49.00000000,32.00000000,EUROPE,Ukraine,WCE
Abpfiff,Abpfiff,LOC,0.70000000,0.00000000,de,1.00000000,,0,,,,,,
Burj Khalifa,Burj Khalifa,LOC,0.00000000,0.00000000,de,1.00000000,,6949499,S,25.19720000,55.27420000,ASIA,United Arab Emirates,ARP
Europapokal-Spiel,Europapokal-Spiel,LOC,0.70000000,0.00000000,de,1.00000000,,0,,,,,,
St…,St…,LOC,0.00000000,0.00000000,de,1.00000000,,0,,,,,,
Département,Département,LOC,1.00000000,0.00000000,de,1.00000000,4116064-2,3718426,P,18.54349000,-72.33881000,CENTRAL-AMERICA,Haiti,CAR
Hérault,Hérault,LOC,1.00000000,0.00000000,de,1.00000000,4089205-0,3013500,A,43.66667000,3.50000000,EUROPE-AFRICA,France,MED
Zentralmexiko,Zentralmexiko,LOC,0.00000000,0.00000000,de,1.00000000,,0,,,,,,
Flusses Fango ert…,Flusses Fango ert…,LOC,0.00000000,0.00000000,de,1.00000000,,0,,,,,,
"Orange
County","Orange
County",LOC,0.00000000,0.00000000,de,1.00000000,,5379513,P,33.78779000,-117.85311000,CENTRAL-AMERICA,United States,NCA
Bezirks OrangeCounty,Bezirks OrangeCounty,LOC,0.00000000,0.00000000,de,1.00000000,,0,,,,,,
Mittelmeerinsel,Mittelmeerinsel,LOC,0.00000000,0.00000000,de,1.00000000,,0,,,,,,
Frankreich,Frankreich,LOC,0.00000000,0.00000000,de,1.00000000,4018145-5,3017382,A,46.00000000,2.00000000,EUROPE,France,WCE
Galeria,Galeria,LOC,0.00000000,0.00000000,de,1.00000000,,3233186,U,42.48333000,8.55000000,EUROPE-AFRICA,,MED
US-Westküste,US-Westküste,LOC,0.00000000,0.00000000,de,1.00000000,,0,,,,,,
Weihnachtssturms,Weihnachtssturms,LOC,0.70000000,0.00000000,de,1.00000000,,0,,,,,,
Altadena,Altadena,LOC,-0.15000000,0.00000000,de,1.00000000,,5323525,P,34.18973000,-118.13118000,NORTH-AMERICA,United States,WNA
Wintersturm,Wintersturm,LOC,0.70000000,0.00000000,de,1.00000000,,0,,,,,,
Stadt Glendales,Stadt Glendales,LOC,-0.70000000,0.00000000,de,1.00000000,,0,,,,,,
Auswirkungen,Auswirkungen,LOC,0.00000000,0.00000000,de,1.00000000,,0,,,,,,
Algarve,Algarve,LOC,0.00000000,0.00000000,de,1.00000000,4001155-0,10227214,L,37.08367000,-8.24902000,EUROPE-AFRICA,Portugal,MED
Autobahn 5,Autobahn 5,LOC,-1.00000000,0.00000000,de,1.00000000,,0,,,,,,
B500,B500,LOC,-1.00000000,0.00000000,de,1.00000000,,0,,,,,,
Weihnachts-Unwettern,Weihnachts-Unwettern,LOC,0.00000000,0.00000000,de,1.00000000,,0,,,,,,
New York,New York,LOC,0.00000000,0.00000000,de,1.00000000,4042011-5,5128581,P,40.71427000,-74.00597000,NORTH-AMERICA,United States,ENA
Baden-Baden,Baden-Baden,LOC,-1.00000000,0.00000000,de,1.00000000,4058282-6,2825297,P,48.78232000,9.17702000,EUROPE,Germany,WCE
Ostküstenmetropole New York,Ostküstenmetropole New York,LOC,-1.00000000,0.00000000,de,1.00000000,,0,,,,,,
Portal Flightaware,Portal Flightaware,LOC,0.00000000,0.00000000,de,1.00000000,,0,,,,,,
Reuters,Reuters,LOC,0.00000000,0.00000000,de,1.00000000,,2847791,T,50.93333000,9.25000000,EUROPE,Germany,WCE
Vereinigte Arabische Emirate,Vereinigte Arabische Emirate,LOC,0.00000000,0.00000000,de,1.00000000,4062742-1,290557,A,23.75000000,54.50000000,ASIA,United Arab Emirates,ARP
Joshua,Joshua,LOC,0.00000000,0.00000000,de,1.00000000,,4701659,P,32.46153000,-97.38807000,NORTH-AMERICA,United States,CNA
Odessa,Odessa,LOC,-2.00000000,0.00000000,de,1.00000000,4043115-0,698740,P,46.48572000,30.74383000,EUROPE,Ukraine,WCE
Provinz Safi,Provinz Safi,LOC,1.00000000,0.00000000,de,1.00000000,,107727,T,18.00000000,48.00000000,ASIA,Saudi Arabia,ARP
Köln,Köln,LOC,1.00000000,0.00000000,de,1.00000000,4031483-2,2886242,P,50.93333000,6.95000000,EUROPE,Germany,WCE
Orkan-Böen,Orkan-Böen,LOC,1.00000000,0.00000000,de,1.00000000,,0,,,,,,
Opferbilanz,Opferbilanz,LOC,0.00000000,0.00000000,de,1.00000000,,0,,,,,,
Opferb…,Opferb…,LOC,-0.70000000,0.00000000,de,1.00000000,,0,,,,,,
Bedrängnis,Bedrängnis,LOC,0.00000000,0.00000000,de,1.00000000,,0,,,,,,
Wirbelsturm,Wirbelsturm,LOC,0.00000000,0.00000000,de,1.00000000,,0,,,,,,
Bangkok,Bangkok,LOC,-1.00000000,0.00000000,de,1.00000000,4004432-4,1609350,P,13.75398000,100.50144000,ASIA,Thailand,SEA
Jamaik…,Jamaik…,LOC,-0.70000000,0.00000000,de,1.00000000,,0,,,,,,
Schlimmste,Schlimmste,LOC,0.00000000,0.00000000,de,1.00000000,,0,,,,,,
Byron,Byron,LOC,0.00000000,0.00000000,de,1.00000000,,4886188,P,42.12697000,-89.25566000,NORTH-AMERICA,United States,ENA
Rafah,Rafah,LOC,0.70000000,0.00000000,de,1.00000000,4701020-4,281102,P,31.29722000,34.24357000,EUROPE-AFRICA,Palestinian Territory,MED
Kha…,Kha…,LOC,0.70000000,0.00000000,de,1.00000000,,0,,,,,,
Kreis Bergstraße,Kreis Bergstraße,LOC,0.00000000,0.00000000,de,1.00000000,4005698-3,3272974,L,49.69767000,8.60577000,EUROPE,Germany,WCE
Landkreis Fulda,Landkreis Fulda,LOC,0.00000000,0.00000000,de,1.00000000,4018859-0,2923822,P,50.55162000,9.67518000,EUROPE,Germany,WCE
Landkreis Bergstraße,Landkreis Bergstraße,LOC,-0.70000000,0.00000000,de,1.00000000,4005698-3,3272974,L,49.69767000,8.60577000,EUROPE,Germany,WCE
Böen fegen,Böen fegen,LOC,0.00000000,0.00000000,de,1.00000000,,0,,,,,,
Leipz…,Leipz…,LOC,0.00000000,0.00000000,de,1.00000000,,0,,,,,,
US-Nordwesten,US-Nordwesten,LOC,0.00000000,0.00000000,de,1.00000000,,0,,,,,,
British Columbia,British Columbia,LOC,-0.70000000,0.00000000,de,1.00000000,4069670-4,7281922,L,49.08333000,-122.35000000,NORTH-AMERICA,Canada,WNA
Notunterkünften,Notunterkünften,LOC,0.00000000,0.00000000,de,1.00000000,,0,,,,,,
Bäume,Bäume,LOC,-1.00000000,0.00000000,de,1.00000000,,0,,,,,,
Risikogebieten,Risikogebieten,LOC,0.00000000,0.00000000,de,1.00000000,,0,,,,,,
Westeuropa,Westeuropa,LOC,-1.00000000,0.00000000,de,1.00000000,4079215-8,9408659,L,50.21909000,7.42676000,EUROPE,Germany,WCE
d…,d…,LOC,0.00000000,0.00000000,de,1.00000000,,0,,,,,,
Krankenhäuser,Krankenhäuser,LOC,0.00000000,0.00000000,de,1.00000000,,0,,,,,,
Altstadt,Altstadt,LOC,0.00000000,0.00000000,de,1.00000000,,11669492,P,53.55018000,9.94653000,EUROPE,Germany,NEU
marokkanischen Küste,marokkanischen Küste,LOC,0.00000000,0.00000000,de,1.00000000,,0,,,,,,
Donau,Donau,LOC,-0.70000000,0.00000000,de,1.00000000,4041719-0,2866070,P,48.73218000,11.18709000,EUROPE,Germany,WCE
